{"accuracy": 0.93388, "precision": 0.9172498654156733, "recall": 0.9538547664747281}